task_id,code_reference_location,url_or_relative_path,actual_local_path,file_type,file_size,image_dimensions,video_resolution,video_duration,chinese_filename,first_screen_or_current_scene,classification,needs_optimization,pre_size,post_size
"INTRO","app.js:tasks/intro/进入游戏.mp4","/tasks/intro/进入游戏.mp4","tasks/intro/进入游戏.mp4","mp4","5031322","","","","true","false","ACTIVE","no","5031322","5031322"
"T01","tasks/T01/index.html:起始帧.png","/tasks/T01/assets/起始帧.png","tasks/T01/assets/起始帧.png","png","1724263","1672x941","","","true","false","ACTIVE","review","1724263","1724263"
"T01","tasks/T01/index.html:T01_A02_self_feeling_transition_start.png","/tasks/T01/assets/T01_A02_self_feeling_transition_start.png","tasks/T01/assets/T01_A02_self_feeling_transition_start.png","png","3350414","1920x1080","","","false","false","ACTIVE","review","3350414","3350414"
"T01","tasks/T01/index.html:T01_A02_self_feeling_transition.mp4","/tasks/T01/assets/T01_A02_self_feeling_transition.mp4","tasks/T01/assets/T01_A02_self_feeling_transition.mp4","mp4","4429017","","","","false","false","ACTIVE","no","4429017","4429017"
"T01","tasks/T01/index.html:T01_A03_feeling_question_end.png","/tasks/T01/assets/T01_A03_feeling_question_end.png","tasks/T01/assets/T01_A03_feeling_question_end.png","png","3671744","1920x1080","","","false","false","ACTIVE","review","3671744","3671744"
"T01","tasks/T01/index.html:T01_A03_feeling_question.mp4","/tasks/T01/assets/T01_A03_feeling_question.mp4","tasks/T01/assets/T01_A03_feeling_question.mp4","mp4","3811636","","","","false","false","ACTIVE","no","3811636","3811636"
"T01","tasks/T01/index.html:T01_A06_reason_question_end.png","/tasks/T01/assets/T01_A06_reason_question_end.png","tasks/T01/assets/T01_A06_reason_question_end.png","png","3627285","1920x1080","","","false","false","ACTIVE","review","3627285","3627285"
"T01","tasks/T01/index.html:T01_B02_emotion_question_end.png","/tasks/T01/assets/T01_B02_emotion_question_end.png","tasks/T01/assets/T01_B02_emotion_question_end.png","png","3412511","1920x1080","","","false","false","ACTIVE","review","3412511","3412511"
"T01","tasks/T01/index.html:T01_B02_emotion_question.mp4","/tasks/T01/assets/T01_B02_emotion_question.mp4","tasks/T01/assets/T01_B02_emotion_question.mp4","mp4","4138764","","","","false","false","ACTIVE","no","4138764","4138764"
"T01","tasks/T01/index.html:T01_B03_cause_question_end.png","/tasks/T01/assets/T01_B03_cause_question_end.png","tasks/T01/assets/T01_B03_cause_question_end.png","png","3356802","1920x1080","","","false","false","ACTIVE","review","3356802","3356802"
"T01","tasks/T01/index.html:T01_B03_cause_question.mp4","/tasks/T01/assets/T01_B03_cause_question.mp4","tasks/T01/assets/T01_B03_cause_question.mp4","mp4","1688159","","","","false","false","ACTIVE","no","1688159","1688159"
"T01","tasks/T01/index.html:T01_B04_probe_close.mp4","/tasks/T01/assets/T01_B04_probe_close.mp4","tasks/T01/assets/T01_B04_probe_close.mp4","mp4","3619610","","","","false","false","ACTIVE","no","3619610","3619610"
"T01","tasks/T01/index.html:T01_common_acknowledge.mp3","/tasks/T01/assets/T01_common_acknowledge.mp3","tasks/T01/assets/T01_common_acknowledge.mp3","mp3","36607","","","","false","false","ACTIVE","no","36607","36607"
"T02","tasks/T02/app.js:T02_A01_background_clean.png","/tasks/T02/assets/T02_A01_background_clean.png","tasks/T02/assets/T02_A01_background_clean.png","png","1469531","1672x941","","","false","true","ACTIVE","review","1469531","1469531"
"T02","tasks/T02/app.js:T02_A01_fish_piece.png","/tasks/T02/assets/T02_A01_fish_piece.png","tasks/T02/assets/T02_A01_fish_piece.png","png","2154657","1536x1024","","","false","true","ACTIVE","review","2154657","2154657"
"T02","tasks/T02/app.js:T02_A01_instruction.mp3","/tasks/T02/assets/T02_A01_instruction.mp3","tasks/T02/assets/T02_A01_instruction.mp3","mp3","50131","","","","false","true","ACTIVE","no","50131","50131"
"T02","tasks/T02/app.js:T02_A03_P1_instruction.mp3","/tasks/T02/assets/T02_A03_P1_instruction.mp3","tasks/T02/assets/T02_A03_P1_instruction.mp3","mp3","45523","","","","false","false","ACTIVE","no","45523","45523"
"T02","tasks/T02/app.js:T02_A04_card_ask_dog.PNG","/tasks/T02/assets/T02_A04_card_ask_dog.PNG","tasks/T02/assets/T02_A04_card_ask_dog.PNG","png","403638","1200x1200","","","false","false","ACTIVE","no","403638","403638"
"T02","tasks/T02/app.js:T02_A04_card_check_example.PNG","/tasks/T02/assets/T02_A04_card_check_example.PNG","tasks/T02/assets/T02_A04_card_check_example.PNG","png","272552","1200x1200","","","false","false","ACTIVE","no","272552","272552"
"T02","tasks/T02/app.js:T02_A04_card_leave.PNG","/tasks/T02/assets/T02_A04_card_leave.PNG","tasks/T02/assets/T02_A04_card_leave.PNG","png","417165","1200x1200","","","false","false","ACTIVE","no","417165","417165"
"T02","tasks/T02/app.js:T02_A04_card_rotate.PNG","/tasks/T02/assets/T02_A04_card_rotate.PNG","tasks/T02/assets/T02_A04_card_rotate.PNG","png","261148","1200x1200","","","false","false","ACTIVE","no","261148","261148"
"T02","tasks/T02/app.js:T02_A04_option.mp3 | tasks/T02/SELF_CHECK.md:T02_A04_option.mp3","/tasks/T02/assets/T02_A04_option.mp3","tasks/T02/assets/T02_A04_option.mp3","mp3","85267","","","","false","false","ACTIVE","no","85267","85267"
"T02","tasks/T02/app.js:T02_A04_question.mp3 | tasks/T02/SELF_CHECK.md:T02_A04_question.mp3","/tasks/T02/assets/T02_A04_question.mp3","tasks/T02/assets/T02_A04_question.mp3","mp3","28243","","","","false","false","ACTIVE","no","28243","28243"
"T02","tasks/T02/app.js:T02_A05_fish_complete_end.png","/tasks/T02/assets/T02_A05_fish_complete_end.png","tasks/T02/assets/T02_A05_fish_complete_end.png","png","3733505","1920x1080","","","false","false","ACTIVE","review","3733505","3733505"
"T02","tasks/T02/app.js:T02_A05_fish_complete.mp4","/tasks/T02/assets/T02_A05_fish_complete.mp4","tasks/T02/assets/T02_A05_fish_complete.mp4","mp4","6429382","","","","false","false","ACTIVE","no","6429382","6429382"
"T02","tasks/T02/app.js:T02_B01_windmill_goal.mp3","/tasks/T02/assets/T02_B01_windmill_goal.mp3","tasks/T02/assets/T02_B01_windmill_goal.mp3","mp3","68386","","","","false","true","ACTIVE","no","68386","68386"
"T02","tasks/T02/app.js:T02_B01_windmill_interaction_base.png | tasks/T02/app.js:T02_B01_windmill_interaction_base.png | tasks/T02/app.js:T02_B01_windmill_interaction_base.png | tasks/T02/app.js:T02_B01_windmill_interaction_base.png | tasks/T02/app.js:T02_B01_windmill_interaction_base.png","/tasks/T02/assets/T02_B01_windmill_interaction_base.png","tasks/T02/assets/T02_B01_windmill_interaction_base.png","png","1741361","1672x940","","","false","true","ACTIVE","review","1741361","1741361"
"T02","tasks/T02/app.js:T02_B02_followup_need_what.mp3","/tasks/T02/assets/T02_B02_followup_need_what.mp3","tasks/T02/assets/T02_B02_followup_need_what.mp3","mp3","16723","","","","false","false","ACTIVE","no","16723","16723"
"T02","tasks/T02/app.js:T02_B02_question.mp3","/tasks/T02/assets/T02_B02_question.mp3","tasks/T02/assets/T02_B02_question.mp3","mp3","33715","","","","false","false","ACTIVE","no","33715","33715"
"T02","tasks/T02/app.js:T02_B03_P1_instruction.mp3 | tasks/T02/app.js:T02_B03_P1_instruction.mp3","/tasks/T02/assets/T02_B03_P1_instruction.mp3","tasks/T02/assets/T02_B03_P1_instruction.mp3","mp3","59059","","","","false","false","ACTIVE","no","59059","59059"
"T02","tasks/T02/SELF_CHECK.md:T02_B04_option_completed.mp3 | tasks/T02/SELF_CHECK.md:T02_B04_option_completed.mp3","/tasks/T02/assets/T02_B04_option_completed.mp3","tasks/T02/assets/T02_B04_option_completed.mp3","mp3","239540","","","","false","false","ACTIVE","no","239540","239540"
"T02","tasks/T02/SELF_CHECK.md:T02_B04_option_missing_material.mp3 | tasks/T02/SELF_CHECK.md:T02_B04_option_missing_material.mp3","/tasks/T02/assets/T02_B04_option_missing_material.mp3","tasks/T02/assets/T02_B04_option_missing_material.mp3","mp3","239540","","","","false","false","ACTIVE","no","239540","239540"
"T02","tasks/T02/SELF_CHECK.md:T02_B04_option_unknown.mp3 | tasks/T02/SELF_CHECK.md:T02_B04_option_unknown.mp3","/tasks/T02/assets/T02_B04_option_unknown.mp3","tasks/T02/assets/T02_B04_option_unknown.mp3","mp3","239540","","","","false","false","ACTIVE","no","239540","239540"
"T02","tasks/T02/SELF_CHECK.md:T02_B04_option_wrong_direction.mp3 | tasks/T02/SELF_CHECK.md:T02_B04_option_wrong_direction.mp3","/tasks/T02/assets/T02_B04_option_wrong_direction.mp3","tasks/T02/assets/T02_B04_option_wrong_direction.mp3","mp3","239540","","","","false","false","ACTIVE","no","239540","239540"
"T02","tasks/T02/app.js:T02_B04_problem_completed.PNG","/tasks/T02/assets/T02_B04_problem_completed.PNG","tasks/T02/assets/T02_B04_problem_completed.PNG","png","1041529","1200x1200","","","false","false","ACTIVE","no","1041529","1041529"
"T02","tasks/T02/app.js:T02_B04_problem_missing_material.PNG","/tasks/T02/assets/T02_B04_problem_missing_material.PNG","tasks/T02/assets/T02_B04_problem_missing_material.PNG","png","673666","1200x1200","","","false","false","ACTIVE","no","673666","673666"
"T02","tasks/T02/app.js:T02_B04_problem_options.mp3","/tasks/T02/assets/T02_B04_problem_options.mp3","tasks/T02/assets/T02_B04_problem_options.mp3","mp3","239540","","","","false","false","ACTIVE","no","239540","239540"
"T02","tasks/T02/app.js:T02_B04_problem_unknown.PNG","/tasks/T02/assets/T02_B04_problem_unknown.PNG","tasks/T02/assets/T02_B04_problem_unknown.PNG","png","763832","1200x1200","","","false","false","ACTIVE","no","763832","763832"
"T02","tasks/T02/app.js:T02_B04_problem_wrong_direction.PNG","/tasks/T02/assets/T02_B04_problem_wrong_direction.PNG","tasks/T02/assets/T02_B04_problem_wrong_direction.PNG","png","692806","1200x1200","","","false","false","ACTIVE","no","692806","692806"
"T02","tasks/T02/app.js:T02_B05_leaf_drag_base.png","/tasks/T02/assets/T02_B05_leaf_drag_base.png","tasks/T02/assets/T02_B05_leaf_drag_base.png","png","2073925","1920x1080","","","false","false","ACTIVE","review","2073925","2073925"
"T02","tasks/T02/app.js:T02_B05_leaf_drag_piece.PNG","/tasks/T02/assets/T02_B05_leaf_drag_piece.PNG","tasks/T02/assets/T02_B05_leaf_drag_piece.PNG","png","186020","1200x1200","","","false","false","ACTIVE","no","186020","186020"
"T02","tasks/T02/app.js:T02_B05_leaf_on_table.mp3","/tasks/T02/assets/T02_B05_leaf_on_table.mp3","tasks/T02/assets/T02_B05_leaf_on_table.mp3","mp3","121676","","","","false","false","ACTIVE","no","121676","121676"
"T02","tasks/T02/app.js:T02_B05_windmill_complete_end.png","/tasks/T02/assets/T02_B05_windmill_complete_end.png","tasks/T02/assets/T02_B05_windmill_complete_end.png","png","2067104","1672x941","","","false","false","ACTIVE","review","2067104","2067104"
"T02","tasks/T02/app.js:T02_V00_task_intro_end.png","/tasks/T02/assets/T02_V00_task_intro_end.png","tasks/T02/assets/T02_V00_task_intro_end.png","png","2982969","1920x1080","","","false","true","ACTIVE","review","2982969","2982969"
"T02","tasks/T02/app.js:T02_V00_task_intro.mp4","/tasks/T02/assets/T02_V00_task_intro.mp4","tasks/T02/assets/T02_V00_task_intro.mp4","mp4","4911279","","","","false","true","ACTIVE","no","4911279","4911279"
"T02","tasks/T02/data/records/24cbbfef-fd33-4187-af84-e98bd90e6223.json:data/audio/healthcheck_healthcheck_T02_B_1786395357284_24cbbfef.mp3","/tasks/T02/data/audio/healthcheck_healthcheck_T02_B_1786395357284_24cbbfef.mp3","tasks/T02/data/audio/healthcheck_healthcheck_T02_B_1786395357284_24cbbfef.mp3","mp3","106622","","","","false","false","ACTIVE","no","106622","106622"
"T02","tasks/T02/data/records/9426e4ba-4c08-4668-90ca-19a97219585c.json:data/audio/healthcheck_healthcheck_T02_B_1786395478705_9426e4ba.mp3","/tasks/T02/data/audio/healthcheck_healthcheck_T02_B_1786395478705_9426e4ba.mp3","tasks/T02/data/audio/healthcheck_healthcheck_T02_B_1786395478705_9426e4ba.mp3","mp3","106622","","","","false","false","ACTIVE","no","106622","106622"
"T02","tasks/T02/data/records/25bc91fc-def9-4a61-bb28-bdff56d51083.json:data/audio/healthcheck_healthcheck_T02_B_1786396249702_25bc91fc.mp3","/tasks/T02/data/audio/healthcheck_healthcheck_T02_B_1786396249702_25bc91fc.mp3","tasks/T02/data/audio/healthcheck_healthcheck_T02_B_1786396249702_25bc91fc.mp3","mp3","106622","","","","false","false","ACTIVE","no","106622","106622"
"T02","tasks/T02/data/records/3ef08686-2fb8-4658-96c9-43bb06291592.json:data/audio/PROXY_TEST_PROXY_TEST_T02_B_1786400327059_3ef08686.mp3","/tasks/T02/data/audio/PROXY_TEST_PROXY_TEST_T02_B_1786400327059_3ef08686.mp3","tasks/T02/data/audio/PROXY_TEST_PROXY_TEST_T02_B_1786400327059_3ef08686.mp3","mp3","106622","","","","false","true","ACTIVE","no","106622","106622"
"T03","tasks/T03/frontend/dist/prototype-t03/script.js:assets/ding.mp3 | tasks/T03/tasks/T03.json:assets/tasks/T03/ding.mp3","/tasks/T03/frontend/dist/assets/tasks/T03/ding.mp3","tasks/T03/frontend/dist/assets/tasks/T03/ding.mp3","mp3","12581","","","","false","false","ACTIVE","no","12581","12581"
"T03","tasks/T03/tasks/T03.json:assets/tasks/T03/distractor_01.mp4 | tasks/T03/tasks/T03.json:assets/tasks/T03/distractor_01.mp4","/tasks/T03/frontend/dist/assets/tasks/T03/distractor_01.mp4","tasks/T03/frontend/dist/assets/tasks/T03/distractor_01.mp4","mp4","1058864","","","","false","false","ACTIVE","no","1058864","1058864"
"T03","tasks/T03/tasks/T03.json:assets/tasks/T03/distractor_02.mp4","/tasks/T03/frontend/dist/assets/tasks/T03/distractor_02.mp4","tasks/T03/frontend/dist/assets/tasks/T03/distractor_02.mp4","mp4","1117463","","","","false","false","ACTIVE","no","1117463","1117463"
"T03","tasks/T03/tasks/T03.json:assets/tasks/T03/distractor_03.mp4","/tasks/T03/frontend/dist/assets/tasks/T03/distractor_03.mp4","tasks/T03/frontend/dist/assets/tasks/T03/distractor_03.mp4","mp4","901970","","","","false","false","ACTIVE","no","901970","901970"
"T03","tasks/T03/tasks/T03.json:assets/tasks/T03/distractor_04.mp4","/tasks/T03/frontend/dist/assets/tasks/T03/distractor_04.mp4","tasks/T03/frontend/dist/assets/tasks/T03/distractor_04.mp4","mp4","993045","","","","false","false","ACTIVE","no","993045","993045"
"T03","tasks/T03/tasks/T03.json:assets/tasks/T03/distractor_05.mp4","/tasks/T03/frontend/dist/assets/tasks/T03/distractor_05.mp4","tasks/T03/frontend/dist/assets/tasks/T03/distractor_05.mp4","mp4","1033675","","","","false","false","ACTIVE","no","1033675","1033675"
"T03","tasks/T03/frontend/dist/prototype-t03/script.js:assets/dong.mp3 | tasks/T03/tasks/T03.json:assets/tasks/T03/dong.mp3","/tasks/T03/frontend/dist/assets/tasks/T03/dong.mp3","tasks/T03/frontend/dist/assets/tasks/T03/dong.mp3","mp3","12581","","","","false","false","ACTIVE","no","12581","12581"
"T03","tasks/T03/tasks/T03.json:assets/tasks/T03/formal_intro_voice.mp3","/tasks/T03/frontend/dist/assets/tasks/T03/formal_intro_voice.mp3","tasks/T03/frontend/dist/assets/tasks/T03/formal_intro_voice.mp3","mp3","20939","","","","false","true","ACTIVE","no","20939","20939"
"T03","tasks/T03/frontend/dist/prototype-t03/script.js:assets/practice_active.png | tasks/T03/tasks/T03.json:assets/tasks/T03/practice_active.png","/tasks/T03/frontend/dist/assets/tasks/T03/practice_active.png","tasks/T03/frontend/dist/assets/tasks/T03/practice_active.png","png","833859","1366x768","","","false","false","ACTIVE","no","833859","833859"
"T03","tasks/T03/tasks/T03.json:assets/tasks/T03/practice_correct_voice.mp3","/tasks/T03/frontend/dist/assets/tasks/T03/practice_correct_voice.mp3","tasks/T03/frontend/dist/assets/tasks/T03/practice_correct_voice.mp3","mp3","32850","","","","false","false","ACTIVE","no","32850","32850"
"T03","tasks/T03/frontend/dist/prototype-t03/index.html:assets/practice_idle.png | tasks/T03/frontend/dist/prototype-t03/script.js:assets/practice_idle.png | tasks/T03/tasks/T03.json:assets/tasks/T03/practice_idle.png","/tasks/T03/frontend/dist/assets/tasks/T03/practice_idle.png","tasks/T03/frontend/dist/assets/tasks/T03/practice_idle.png","png","820822","1366x768","","","false","false","ACTIVE","no","820822","820822"
"T03","tasks/T03/tasks/T03.json:assets/tasks/T03/practice_intro_voice.mp3","/tasks/T03/frontend/dist/assets/tasks/T03/practice_intro_voice.mp3","tasks/T03/frontend/dist/assets/tasks/T03/practice_intro_voice.mp3","mp3","62943","","","","false","true","ACTIVE","no","62943","62943"
"T03","tasks/T03/tasks/T03.json:assets/tasks/T03/scene_background.png","/tasks/T03/frontend/dist/assets/tasks/T03/scene_background.png","tasks/T03/frontend/dist/assets/tasks/T03/scene_background.png","png","783550","1366x768","","","false","false","ACTIVE","no","783550","783550"
"T03","tasks/T03/frontend/dist/prototype-t03/script.js:assets/star_active.png | tasks/T03/tasks/T03.json:assets/tasks/T03/star_active.png","/tasks/T03/frontend/dist/assets/tasks/T03/star_active.png","tasks/T03/frontend/dist/assets/tasks/T03/star_active.png","png","82139","400x401","","","false","false","ACTIVE","no","82139","82139"
"T03","tasks/T03/frontend/dist/prototype-t03/index.html:assets/star_idle.png | tasks/T03/frontend/dist/prototype-t03/script.js:assets/star_idle.png | tasks/T03/tasks/T03.json:assets/tasks/T03/star_idle.png","/tasks/T03/frontend/dist/assets/tasks/T03/star_idle.png","tasks/T03/frontend/dist/assets/tasks/T03/star_idle.png","png","87027","400x400","","","false","false","ACTIVE","no","87027","87027"
"T03","runtime:T03","/tasks/T03/frontend/dist/assets/tasks/T03/T03_00_rule_final.mp4","tasks/T03/frontend/dist/assets/tasks/T03/T03_00_rule_final.mp4","mp4","2926043","","","","false","true","DYNAMIC","no","2926043","2926043"
"T03","tasks/T03/tasks/T03.json:assets/tasks/T03/T03_00_rule_final.mp4","/tasks/T03/frontend/dist/assets/tasks/T03/T03/02_video/T03_00_rule_final.mp4","tasks/T03/frontend/dist/assets/tasks/T03/T03/02_video/T03_00_rule_final.mp4","mp4","2926043","","","","false","true","ACTIVE","no","2926043","2926043"
"T03","tasks/T03/frontend/dist/prototype-t03/script.js:assets/test_active.png | tasks/T03/tasks/T03.json:assets/tasks/T03/test_active.png","/tasks/T03/frontend/dist/assets/tasks/T03/test_active.png","tasks/T03/frontend/dist/assets/tasks/T03/test_active.png","png","833859","1366x768","","","false","false","ACTIVE","no","833859","833859"
"T03","tasks/T03/frontend/dist/prototype-t03/script.js:assets/test_idle.png | tasks/T03/tasks/T03.json:assets/tasks/T03/test_idle.png","/tasks/T03/frontend/dist/assets/tasks/T03/test_idle.png","tasks/T03/frontend/dist/assets/tasks/T03/test_idle.png","png","820822","1366x768","","","false","false","ACTIVE","no","820822","820822"
"T04","tasks/T04/app.js:T04_A01_instruction.mp3","/tasks/T04/assets/T04_A01_instruction.mp3","tasks/T04/assets/T04_A01_instruction.mp3","mp3","47539","","","","false","true","ACTIVE","no","47539","47539"
"T04","tasks/T04/app.js:T04_A01_interaction_base.PNG","/tasks/T04/assets/T04_A01_interaction_base.PNG","tasks/T04/assets/T04_A01_interaction_base.PNG","png","2661821","1672x941","","","false","true","ACTIVE","review","2661821","2661821"
"T04","tasks/T04/app.js:T04_A02_block_drop_start.png","/tasks/T04/assets/T04_A02_block_drop_start.png","tasks/T04/assets/T04_A02_block_drop_start.png","png","2722822","1920x1080","","","false","false","ACTIVE","review","2722822","2722822"
"T04","tasks/T04/app.js:T04_A02_block_drop.mp4","/tasks/T04/assets/T04_A02_block_drop.mp4","tasks/T04/assets/T04_A02_block_drop.mp4","mp4","875201","","","","false","false","ACTIVE","no","875201","875201"
"T04","tasks/T04/app.js:T04_A03_option_ask_dog.mp3","/tasks/T04/assets/T04_A03_option_ask_dog.mp3","tasks/T04/assets/T04_A03_option_ask_dog.mp3","mp3","14392","","","","false","false","ACTIVE","no","14392","14392"
"T04","tasks/T04/app.js:T04_A03_option_rebuild.mp3","/tasks/T04/assets/T04_A03_option_rebuild.mp3","tasks/T04/assets/T04_A03_option_rebuild.mp3","mp3","12615","","","","false","false","ACTIVE","no","12615","12615"
"T04","tasks/T04/app.js:T04_A03_option_stop.mp3","/tasks/T04/assets/T04_A03_option_stop.mp3","tasks/T04/assets/T04_A03_option_stop.mp3","mp3","9643","","","","false","false","ACTIVE","no","9643","9643"
"T04","tasks/T04/app.js:T04_A03_option_unknown.mp3","/tasks/T04/assets/T04_A03_option_unknown.mp3","tasks/T04/assets/T04_A03_option_unknown.mp3","mp3","7345","","","","false","false","ACTIVE","no","7345","7345"
"T04","tasks/T04/app.js:T04_A03_strategy_ask_dog.PNG","/tasks/T04/assets/T04_A03_strategy_ask_dog.PNG","tasks/T04/assets/T04_A03_strategy_ask_dog.PNG","png","679963","1200x1200","","","false","false","ACTIVE","no","679963","679963"
"T04","tasks/T04/app.js:T04_A03_strategy_question_end.png","/tasks/T04/assets/T04_A03_strategy_question_end.png","tasks/T04/assets/T04_A03_strategy_question_end.png","png","3799509","1920x1080","","","false","false","ACTIVE","review","3799509","3799509"
"T04","tasks/T04/app.js:T04_A03_strategy_question.mp4","/tasks/T04/assets/T04_A03_strategy_question.mp4","tasks/T04/assets/T04_A03_strategy_question.mp4","mp4","6107830","","","","false","false","ACTIVE","no","6107830","6107830"
"T04","tasks/T04/app.js:T04_A03_strategy_rebuild.PNG","/tasks/T04/assets/T04_A03_strategy_rebuild.PNG","tasks/T04/assets/T04_A03_strategy_rebuild.PNG","png","601154","1200x1200","","","false","false","ACTIVE","no","601154","601154"
"T04","tasks/T04/app.js:T04_A03_strategy_stop_building.PNG","/tasks/T04/assets/T04_A03_strategy_stop_building.PNG","tasks/T04/assets/T04_A03_strategy_stop_building.PNG","png","582739","1200x1200","","","false","false","ACTIVE","no","582739","582739"
"T04","tasks/T04/app.js:T04_A03_strategy_unknown.PNG","/tasks/T04/assets/T04_A03_strategy_unknown.PNG","tasks/T04/assets/T04_A03_strategy_unknown.PNG","png","763832","1200x1200","","","false","false","ACTIVE","no","763832","763832"
"T04","tasks/T04/app.js:T04_A04_interaction_base.PNG","/tasks/T04/assets/T04_A04_interaction_base.PNG","tasks/T04/assets/T04_A04_interaction_base.PNG","png","3108796","1920x1080","","","false","false","ACTIVE","review","3108796","3108796"
"T04","tasks/T04/app.js:T04_A04_repair_base.png","/tasks/T04/assets/T04_A04_repair_base.png","tasks/T04/assets/T04_A04_repair_base.png","png","3290373","1920x1080","","","false","false","ACTIVE","review","3290373","3290373"
"T04","tasks/T04/app.js:T04_A04_repair_instruction.mp4","/tasks/T04/assets/T04_A04_repair_instruction.mp4","tasks/T04/assets/T04_A04_repair_instruction.mp4","mp4","3980790","","","","false","false","ACTIVE","no","3980790","3980790"
"T04","tasks/T04/app.js:T04_A05_negative_feedback_start.PNG","/tasks/T04/assets/T04_A05_negative_feedback_start.PNG","tasks/T04/assets/T04_A05_negative_feedback_start.PNG","png","2709433","1672x941","","","false","false","ACTIVE","review","2709433","2709433"
"T04","tasks/T04/app.js:T04_A05_negative_feedback.mp4","/tasks/T04/assets/T04_A05_negative_feedback.mp4","tasks/T04/assets/T04_A05_negative_feedback.mp4","mp4","3426585","","","","false","false","ACTIVE","no","3426585","3426585"
"T04","tasks/T04/app.js:T04_A06_strategy2_question_end.png","/tasks/T04/assets/T04_A06_strategy2_question_end.png","tasks/T04/assets/T04_A06_strategy2_question_end.png","png","3681606","1920x1080","","","false","false","ACTIVE","review","3681606","3681606"
"T04","tasks/T04/app.js:T04_A06_strategy2_question_start.PNG","/tasks/T04/assets/T04_A06_strategy2_question_start.PNG","tasks/T04/assets/T04_A06_strategy2_question_start.PNG","png","2709433","1672x941","","","false","false","ACTIVE","review","2709433","2709433"
"T04","tasks/T04/app.js:T04_A06_strategy2_question.mp4","/tasks/T04/assets/T04_A06_strategy2_question.mp4","tasks/T04/assets/T04_A06_strategy2_question.mp4","mp4","4389458","","","","false","false","ACTIVE","no","4389458","4389458"
"T04","tasks/T04/app.js:T04_A07_option_ask_dog.mp3","/tasks/T04/assets/T04_A07_option_ask_dog.mp3","tasks/T04/assets/T04_A07_option_ask_dog.mp3","mp3","15853","","","","false","false","ACTIVE","no","15853","15853"
"T04","tasks/T04/app.js:T04_A07_option_check_castle.mp3","/tasks/T04/assets/T04_A07_option_check_castle.mp3","tasks/T04/assets/T04_A07_option_check_castle.mp3","mp3","20103","","","","false","false","ACTIVE","no","20103","20103"
"T04","tasks/T04/app.js:T04_A07_option_stop.mp3","/tasks/T04/assets/T04_A07_option_stop.mp3","tasks/T04/assets/T04_A07_option_stop.mp3","mp3","15017","","","","false","false","ACTIVE","no","15017","15017"
"T04","tasks/T04/app.js:T04_A07_option_unknown.mp3","/tasks/T04/assets/T04_A07_option_unknown.mp3","tasks/T04/assets/T04_A07_option_unknown.mp3","mp3","8286","","","","false","false","ACTIVE","no","8286","8286"
"T04","tasks/T04/app.js:T04_A07_strategy_ask_dog.PNG","/tasks/T04/assets/T04_A07_strategy_ask_dog.PNG","tasks/T04/assets/T04_A07_strategy_ask_dog.PNG","png","667397","1200x1200","","","false","false","ACTIVE","no","667397","667397"
"T04","tasks/T04/app.js:T04_A07_strategy_check_castle.PNG","/tasks/T04/assets/T04_A07_strategy_check_castle.PNG","tasks/T04/assets/T04_A07_strategy_check_castle.PNG","png","548244","1200x1200","","","false","false","ACTIVE","no","548244","548244"
"T04","tasks/T04/app.js:T04_A07_strategy_stop.PNG","/tasks/T04/assets/T04_A07_strategy_stop.PNG","tasks/T04/assets/T04_A07_strategy_stop.PNG","png","582739","1200x1200","","","false","false","ACTIVE","no","582739","582739"
"T04","tasks/T04/app.js:T04_A07_strategy_unknown.PNG","/tasks/T04/assets/T04_A07_strategy_unknown.PNG","tasks/T04/assets/T04_A07_strategy_unknown.PNG","png","763832","1200x1200","","","false","false","ACTIVE","no","763832","763832"
"T04","tasks/T04/app.js:T04_A08_help_block_start.png | tasks/T04/app.js:T04_A08_help_block_start.png","/tasks/T04/assets/T04_A08_help_block_start.png","tasks/T04/assets/T04_A08_help_block_start.png","png","3439893","1920x1080","","","false","false","ACTIVE","review","3439893","3439893"
"T04","tasks/T04/app.js:T04_A08_help_block.mp4","/tasks/T04/assets/T04_A08_help_block.mp4","tasks/T04/assets/T04_A08_help_block.mp4","mp4","6030664","","","","false","false","ACTIVE","no","6030664","6030664"
"T04","tasks/T04/app.js:T04_A09_final_repair_instruction.mp3","/tasks/T04/assets/T04_A09_final_repair_instruction.mp3","tasks/T04/assets/T04_A09_final_repair_instruction.mp3","mp3","49267","","","","false","false","ACTIVE","no","49267","49267"
"T04","tasks/T04/app.js:T04_A09_interaction_base.PNG","/tasks/T04/assets/T04_A09_interaction_base.PNG","tasks/T04/assets/T04_A09_interaction_base.PNG","png","2709197","1672x941","","","false","false","ACTIVE","review","2709197","2709197"
"T04","tasks/T04/app.js:T04_A10_complete_feedback_end.png","/tasks/T04/assets/T04_A10_complete_feedback_end.png","tasks/T04/assets/T04_A10_complete_feedback_end.png","png","1195039","1920x1080","","","false","false","ACTIVE","review","1195039","1195039"
"T04","tasks/T04/app.js:T04_A10_complete_feedback_start.png","/tasks/T04/assets/T04_A10_complete_feedback_start.png","tasks/T04/assets/T04_A10_complete_feedback_start.png","png","3333062","1920x1080","","","false","false","ACTIVE","review","3333062","3333062"
"T04","tasks/T04/app.js:T04_A10_complete_feedback.mp4","/tasks/T04/assets/T04_A10_complete_feedback.mp4","tasks/T04/assets/T04_A10_complete_feedback.mp4","mp4","5734818","","","","false","false","ACTIVE","no","5734818","5734818"
"T04","tasks/T04/app.js:T04_common_continue_prompt.mp3","/tasks/T04/assets/T04_common_continue_prompt.mp3","tasks/T04/assets/T04_common_continue_prompt.mp3","mp3","51571","","","","false","false","ACTIVE","no","51571","51571"
"T04","tasks/T04/app.js:T04_red_flag_without_base_transparent.png | tasks/T04/app.js:T04_red_flag_without_base_transparent.png","/tasks/T04/assets/T04_red_flag_without_base_transparent.png","tasks/T04/assets/T04_red_flag_without_base_transparent.png","png","274995","1254x1254","","","false","false","ACTIVE","no","274995","274995"
"T04","tasks/T04/app.js:T04_second_blue_block_transparent.png","/tasks/T04/assets/T04_second_blue_block_transparent.png","tasks/T04/assets/T04_second_blue_block_transparent.png","png","790055","1672x940","","","false","false","ACTIVE","no","790055","790055"
"T04","tasks/T04/app.js:T04_top_yellow_block_transparent.png","/tasks/T04/assets/T04_top_yellow_block_transparent.png","tasks/T04/assets/T04_top_yellow_block_transparent.png","png","786286","1625x968","","","false","false","ACTIVE","no","786286","786286"
"T04","tasks/T04/app.js:T04_V00_intro_start.png","/tasks/T04/assets/T04_V00_intro_start.png","tasks/T04/assets/T04_V00_intro_start.png","png","1783741","1672x941","","","false","true","ACTIVE","review","1783741","1783741"
"T04","tasks/T04/app.js:T04_V00_task_intro.mp4","/tasks/T04/assets/T04_V00_task_intro.mp4","tasks/T04/assets/T04_V00_task_intro.mp4","mp4","7022497","","","","false","true","ACTIVE","no","7022497","7022497"
"T05","tasks/T05/index.html:intro.mp3","/tasks/T05/assets/intro.mp3","tasks/T05/assets/intro.mp3","mp3","97740","","","","false","true","ACTIVE","no","97740","97740"
"T05","tasks/T05/index.html:intro.mp4","/tasks/T05/assets/intro.mp4","tasks/T05/assets/intro.mp4","mp4","3560969","","","","false","true","ACTIVE","no","3560969","3560969"
"T05","tasks/T05/index.html:t05a-cause.mp3","/tasks/T05/assets/t05a-cause.mp3","tasks/T05/assets/t05a-cause.mp3","mp3","162372","","","","false","false","ACTIVE","no","162372","162372"
"T05","tasks/T05/index.html:t05a-cause.mp4","/tasks/T05/assets/t05a-cause.mp4","tasks/T05/assets/t05a-cause.mp4","mp4","5543560","","","","false","false","ACTIVE","no","5543560","5543560"
"T05","tasks/T05/index.html:t05a-cause.png","/tasks/T05/assets/t05a-cause.png","tasks/T05/assets/t05a-cause.png","png","1625487","1672x941","","","false","false","ACTIVE","review","1625487","1625487"
"T05","tasks/T05/index.html:t05a-emotion.mp3","/tasks/T05/assets/t05a-emotion.mp3","tasks/T05/assets/t05a-emotion.mp3","mp3","163208","","","","false","false","ACTIVE","no","163208","163208"
"T05","tasks/T05/index.html:t05a-emotion.mp4","/tasks/T05/assets/t05a-emotion.mp4","tasks/T05/assets/t05a-emotion.mp4","mp4","6460876","","","","false","false","ACTIVE","no","6460876","6460876"
"T05","tasks/T05/index.html:t05a-emotion.png | tasks/T05/index.html:t05a-emotion.png","/tasks/T05/assets/t05a-emotion.png","tasks/T05/assets/t05a-emotion.png","png","1541496","1672x941","","","false","false","ACTIVE","review","1541496","1541496"
"T05","tasks/T05/index.html:t05a-end.mp3","/tasks/T05/assets/t05a-end.mp3","tasks/T05/assets/t05a-end.mp3","mp3","47697","","","","false","false","ACTIVE","no","47697","47697"
"T05","tasks/T05/index.html:t05a-end.mp4","/tasks/T05/assets/t05a-end.mp4","tasks/T05/assets/t05a-end.mp4","mp4","79265","","","","false","false","ACTIVE","no","79265","79265"
"T05","tasks/T05/index.html:t05a-story.mp3","/tasks/T05/assets/t05a-story.mp3","tasks/T05/assets/t05a-story.mp3","mp3","67077","","","","false","false","ACTIVE","no","67077","67077"
"T05","tasks/T05/index.html:t05a-story.mp4","/tasks/T05/assets/t05a-story.mp4","tasks/T05/assets/t05a-story.mp4","mp4","3630126","","","","false","false","ACTIVE","no","3630126","3630126"
"T05","tasks/T05/index.html:t05b-end.mp3","/tasks/T05/assets/t05b-end.mp3","tasks/T05/assets/t05b-end.mp3","mp3","65975","","","","false","false","ACTIVE","no","65975","65975"
"T05","tasks/T05/index.html:t05b-end.mp4","/tasks/T05/assets/t05b-end.mp4","tasks/T05/assets/t05b-end.mp4","mp4","1366652","","","","false","false","ACTIVE","no","1366652","1366652"
"T05","tasks/T05/index.html:t05b-location.mp3","/tasks/T05/assets/t05b-location.mp3","tasks/T05/assets/t05b-location.mp3","mp3","169950","","","","false","false","ACTIVE","no","169950","169950"
"T05","tasks/T05/index.html:t05b-location.mp4","/tasks/T05/assets/t05b-location.mp4","tasks/T05/assets/t05b-location.mp4","mp4","6353760","","","","false","false","ACTIVE","no","6353760","6353760"
"T05","tasks/T05/index.html:t05b-location.png | tasks/T05/index.html:t05b-location.png","/tasks/T05/assets/t05b-location.png","tasks/T05/assets/t05b-location.png","png","1007524","1273x715","","","false","false","ACTIVE","no","1007524","1007524"
"T05","tasks/T05/index.html:t05b-memory.mp3","/tasks/T05/assets/t05b-memory.mp3","tasks/T05/assets/t05b-memory.mp3","mp3","91778","","","","false","false","ACTIVE","no","91778","91778"
"T05","tasks/T05/index.html:t05b-memory.png","/tasks/T05/assets/t05b-memory.png","tasks/T05/assets/t05b-memory.png","png","1007524","1273x715","","","false","false","ACTIVE","no","1007524","1007524"
"T05","tasks/T05/index.html:t05b-reality.mp3","/tasks/T05/assets/t05b-reality.mp3","tasks/T05/assets/t05b-reality.mp3","mp3","65446","","","","false","false","ACTIVE","no","65446","65446"
"T05","tasks/T05/index.html:t05b-reality.png","/tasks/T05/assets/t05b-reality.png","tasks/T05/assets/t05b-reality.png","png","1589465","1661x947","","","false","false","ACTIVE","review","1589465","1589465"
"T05","tasks/T05/index.html:t05b-reason.mp3","/tasks/T05/assets/t05b-reason.mp3","tasks/T05/assets/t05b-reason.mp3","mp3","273395","","","","false","false","ACTIVE","no","273395","273395"
"T05","tasks/T05/index.html:t05b-reason.png","/tasks/T05/assets/t05b-reason.png","tasks/T05/assets/t05b-reason.png","png","1712279","1448x1086","","","false","false","ACTIVE","review","1712279","1712279"
"T05","tasks/T05/index.html:t05b-story.mp3","/tasks/T05/assets/t05b-story.mp3","tasks/T05/assets/t05b-story.mp3","mp3","159544","","","","false","false","ACTIVE","no","159544","159544"
"T05","tasks/T05/index.html:t05b-story.mp4","/tasks/T05/assets/t05b-story.mp4","tasks/T05/assets/t05b-story.mp4","mp4","10350351","","","","false","false","ACTIVE","review","10350351","10350351"
"T05","tasks/T05/实现与自检说明.md:T05A-连续流程截图.png","/tasks/T05/T05A-连续流程截图.png","tasks/T05/T05A-连续流程截图.png","png","103064","65536x4292542531","","","true","false","ACTIVE","no","103064","103064"
"T05","tasks/T05/实现与自检说明.md:T05B-流程截图.png","/tasks/T05/T05B-流程截图.png","tasks/T05/T05B-流程截图.png","png","106138","65536x4292542531","","","true","false","ACTIVE","no","106138","106138"
"T06","tasks/T06/app.js:assets/audio/T06-A-03-option-1.mp3","/tasks/T06/assets/audio/T06-A-03-option-1.mp3","tasks/T06/assets/audio/T06-A-03-option-1.mp3","mp3","49970","","","","false","false","ACTIVE","no","49970","49970"
"T06","tasks/T06/app.js:assets/audio/T06-A-03-option-2.mp3","/tasks/T06/assets/audio/T06-A-03-option-2.mp3","tasks/T06/assets/audio/T06-A-03-option-2.mp3","mp3","62450","","","","false","false","ACTIVE","no","62450","62450"
"T06","tasks/T06/app.js:assets/audio/T06-A-03-option-3.mp3","/tasks/T06/assets/audio/T06-A-03-option-3.mp3","tasks/T06/assets/audio/T06-A-03-option-3.mp3","mp3","56690","","","","false","false","ACTIVE","no","56690","56690"
"T06","tasks/T06/app.js:assets/audio/T06-A-03-option-4.mp3","/tasks/T06/assets/audio/T06-A-03-option-4.mp3","tasks/T06/assets/audio/T06-A-03-option-4.mp3","mp3","50930","","","","false","false","ACTIVE","no","50930","50930"
"T06","tasks/T06/app.js:assets/audio/T06-A-03-question.mp3","/tasks/T06/assets/audio/T06-A-03-question.mp3","tasks/T06/assets/audio/T06-A-03-question.mp3","mp3","102770","","","","false","false","ACTIVE","no","102770","102770"
"T06","tasks/T06/app.js:assets/audio/T06-A-04.mp3","/tasks/T06/assets/audio/T06-A-04.mp3","tasks/T06/assets/audio/T06-A-04.mp3","mp3","325626","","","","false","false","ACTIVE","no","325626","325626"
"T06","tasks/T06/app.js:assets/audio/T06-B-0102.mp3","/tasks/T06/assets/audio/T06-B-0102.mp3","tasks/T06/assets/audio/T06-B-0102.mp3","mp3","283250","","","","false","false","ACTIVE","no","283250","283250"
"T06","tasks/T06/app.js:assets/audio/T06-B-03.mp3","/tasks/T06/assets/audio/T06-B-03.mp3","tasks/T06/assets/audio/T06-B-03.mp3","mp3","522485","","","","false","false","ACTIVE","no","522485","522485"
"T06","tasks/T06/app.js:assets/audio/T06-B-04-option-1.mp3","/tasks/T06/assets/audio/T06-B-04-option-1.mp3","tasks/T06/assets/audio/T06-B-04-option-1.mp3","mp3","231410","","","","false","false","ACTIVE","no","231410","231410"
"T06","tasks/T06/app.js:assets/audio/T06-B-04-option-2.mp3","/tasks/T06/assets/audio/T06-B-04-option-2.mp3","tasks/T06/assets/audio/T06-B-04-option-2.mp3","mp3","70130","","","","false","false","ACTIVE","no","70130","70130"
"T06","tasks/T06/app.js:assets/audio/T06-B-04-option-3.mp3","/tasks/T06/assets/audio/T06-B-04-option-3.mp3","tasks/T06/assets/audio/T06-B-04-option-3.mp3","mp3","191090","","","","false","false","ACTIVE","no","191090","191090"
"T06","tasks/T06/app.js:assets/audio/T06-B-04-option-4.mp3","/tasks/T06/assets/audio/T06-B-04-option-4.mp3","tasks/T06/assets/audio/T06-B-04-option-4.mp3","mp3","149810","","","","false","false","ACTIVE","no","149810","149810"
"T06","tasks/T06/app.js:assets/audio/T06-B-04-question.mp3","/tasks/T06/assets/audio/T06-B-04-question.mp3","tasks/T06/assets/audio/T06-B-04-question.mp3","mp3","109490","","","","false","false","ACTIVE","no","109490","109490"
"T06","tasks/T06/app.js:assets/frames/T06-A-03.png","/tasks/T06/assets/frames/T06-A-03.png","tasks/T06/assets/frames/T06-A-03.png","png","1767522","1672x941","","","false","false","ACTIVE","review","1767522","1767522"
"T06","tasks/T06/app.js:assets/frames/T06-A-04.png","/tasks/T06/assets/frames/T06-A-04.png","tasks/T06/assets/frames/T06-A-04.png","png","1828037","1672x941","","","false","false","ACTIVE","review","1828037","1828037"
"T06","tasks/T06/app.js:assets/frames/T06-B-03.png","/tasks/T06/assets/frames/T06-B-03.png","tasks/T06/assets/frames/T06-B-03.png","png","1729454","1672x941","","","false","false","ACTIVE","review","1729454","1729454"
"T06","tasks/T06/app.js:assets/frames/T06-B-04.png","/tasks/T06/assets/frames/T06-B-04.png","tasks/T06/assets/frames/T06-B-04.png","png","2094215","1672x941","","","false","false","ACTIVE","review","2094215","2094215"
"T06","tasks/T06/app.js:assets/video/T06-00.mp4","/tasks/T06/assets/video/T06-00.mp4","tasks/T06/assets/video/T06-00.mp4","mp4","3289177","","","","false","true","ACTIVE","no","3289177","3289177"
"T06","tasks/T06/app.js:assets/video/T06-A-0102.mp4","/tasks/T06/assets/video/T06-A-0102.mp4","tasks/T06/assets/video/T06-A-0102.mp4","mp4","2906113","","","","false","false","ACTIVE","no","2906113","2906113"
"T06","tasks/T06/app.js:assets/video/T06-A-05.mp4","/tasks/T06/assets/video/T06-A-05.mp4","tasks/T06/assets/video/T06-A-05.mp4","mp4","1363834","","","","false","false","ACTIVE","no","1363834","1363834"
"T06","tasks/T06/app.js:assets/video/T06-B-0102.mp4","/tasks/T06/assets/video/T06-B-0102.mp4","tasks/T06/assets/video/T06-B-0102.mp4","mp4","6811718","","","","false","false","ACTIVE","no","6811718","6811718"
"T06","tasks/T06/app.js:assets/video/T06-B-05.mp4","/tasks/T06/assets/video/T06-B-05.mp4","tasks/T06/assets/video/T06-B-05.mp4","mp4","1366652","","","","false","false","ACTIVE","no","1366652","1366652"
"T07","runtime:T07:asset-id","/tasks/T07/dist/assets/T07/T07-00.mp3","tasks/T07/dist/assets/T07/T07-00.mp3","mp3","227765","","","","false","true","DYNAMIC","no","227765","227765"
"T07","tasks/T07/dist/assets/index-BfpL54Xl.js:T07-00.mp4 | tasks/T07/dist/assets/index-BxcCyA-W.js:T07-00.mp4 | tasks/T07/dist/assets/index-CIpcZDcd.js:T07-00.mp4 | tasks/T07/dist/assets/index-Cpyb-HfV.js:T07-00.mp4 | tasks/T07/dist/assets/index-Dd_cRc8s.js:T07-00.mp4 | tasks/T07/dist/assets/index-DW-vQNxl.js:T07-00.mp4 | tasks/T07/dist/assets/index-d_rbj-eZ.js:T07-00.mp4","/tasks/T07/dist/assets/T07/T07-00.mp4","tasks/T07/dist/assets/T07/T07-00.mp4","mp4","14760637","","","","false","true","ACTIVE","review","14760637","14760637"
"T07","runtime:T07:asset-id","/tasks/T07/dist/assets/T07/T07-A-01_20260801_19145062.mp3","tasks/T07/dist/assets/T07/T07-A-01_20260801_19145062.mp3","mp3","81858","","","","false","false","DYNAMIC","no","81858","81858"
"T07","tasks/T07/dist/assets/index-BfpL54Xl.js:T07-A-01.mp4 | tasks/T07/dist/assets/index-BxcCyA-W.js:T07-A-01.mp4 | tasks/T07/dist/assets/index-CIpcZDcd.js:T07-A-01.mp4 | tasks/T07/dist/assets/index-Cpyb-HfV.js:T07-A-01.mp4 | tasks/T07/dist/assets/index-Dd_cRc8s.js:T07-A-01.mp4 | tasks/T07/dist/assets/index-DW-vQNxl.js:T07-A-01.mp4 | tasks/T07/dist/assets/index-d_rbj-eZ.js:T07-A-01.mp4","/tasks/T07/dist/assets/T07/T07-A-01.mp4","tasks/T07/dist/assets/T07/T07-A-01.mp4","mp4","3284436","","","","false","false","ACTIVE","no","3284436","3284436"
"T07","tasks/T07/dist/assets/index-BfpL54Xl.js:T07-A-02_20260801_19150540.mp3 | tasks/T07/dist/assets/index-BxcCyA-W.js:T07-A-02_20260801_19150540.mp3 | tasks/T07/dist/assets/index-CIpcZDcd.js:T07-A-02_20260801_19150540.mp3 | tasks/T07/dist/assets/index-Cpyb-HfV.js:T07-A-02_20260801_19150540.mp3 | tasks/T07/dist/assets/index-Dd_cRc8s.js:T07-A-02_20260801_19150540.mp3 | tasks/T07/dist/assets/index-DW-vQNxl.js:T07-A-02_20260801_19150540.mp3 | tasks/T07/dist/assets/index-d_rbj-eZ.js:T07-A-02_20260801_19150540.mp3","/tasks/T07/dist/assets/T07/T07-A-02_20260801_19150540.mp3","tasks/T07/dist/assets/T07/T07-A-02_20260801_19150540.mp3","mp3","131025","","","","false","false","ACTIVE","no","131025","131025"
"T07","tasks/T07/dist/assets/index-BfpL54Xl.js:T07-A-02.mp4 | tasks/T07/dist/assets/index-Cpyb-HfV.js:T07-A-02.mp4","/tasks/T07/dist/assets/T07/T07-A-02.mp4","tasks/T07/dist/assets/T07/T07-A-02.mp4","mp4","8154503","","","","false","false","ACTIVE","no","8154503","8154503"
"T07","tasks/T07/dist/assets/index-BfpL54Xl.js:T07-A-02.png | tasks/T07/dist/assets/index-BxcCyA-W.js:T07-A-02.png | tasks/T07/dist/assets/index-CIpcZDcd.js:T07-A-02.png | tasks/T07/dist/assets/index-Cpyb-HfV.js:T07-A-02.png | tasks/T07/dist/assets/index-Dd_cRc8s.js:T07-A-02.png | tasks/T07/dist/assets/index-DW-vQNxl.js:T07-A-02.png | tasks/T07/dist/assets/index-d_rbj-eZ.js:T07-A-02.png","/tasks/T07/dist/assets/T07/T07-A-02.png","tasks/T07/dist/assets/T07/T07-A-02.png","png","1952686","1448x1086","","","false","false","ACTIVE","review","1952686","1952686"
"T07","runtime:T07:asset-id","/tasks/T07/dist/assets/T07/T07-A-03.mp3","tasks/T07/dist/assets/T07/T07-A-03.mp3","mp3","123890","","","","false","false","DYNAMIC","no","123890","123890"
"T07","tasks/T07/dist/assets/index-BfpL54Xl.js:T07-A-03.mp4 | tasks/T07/dist/assets/index-BxcCyA-W.js:T07-A-03.mp4 | tasks/T07/dist/assets/index-CIpcZDcd.js:T07-A-03.mp4 | tasks/T07/dist/assets/index-Cpyb-HfV.js:T07-A-03.mp4 | tasks/T07/dist/assets/index-Dd_cRc8s.js:T07-A-03.mp4 | tasks/T07/dist/assets/index-DW-vQNxl.js:T07-A-03.mp4 | tasks/T07/dist/assets/index-d_rbj-eZ.js:T07-A-03.mp4","/tasks/T07/dist/assets/T07/T07-A-03.mp4","tasks/T07/dist/assets/T07/T07-A-03.mp4","mp4","7001922","","","","false","false","ACTIVE","no","7001922","7001922"
"T07","runtime:T07:asset-id","/tasks/T07/dist/assets/T07/T07-A-04_20260802_17031830.mp3","tasks/T07/dist/assets/T07/T07-A-04_20260802_17031830.mp3","mp3","81858","","","","false","false","DYNAMIC","no","81858","81858"
"T07","tasks/T07/dist/assets/index-BfpL54Xl.js:T07-A-04.mp4 | tasks/T07/dist/assets/index-BxcCyA-W.js:T07-A-04.mp4 | tasks/T07/dist/assets/index-CIpcZDcd.js:T07-A-04.mp4 | tasks/T07/dist/assets/index-Cpyb-HfV.js:T07-A-04.mp4 | tasks/T07/dist/assets/index-Dd_cRc8s.js:T07-A-04.mp4 | tasks/T07/dist/assets/index-DW-vQNxl.js:T07-A-04.mp4 | tasks/T07/dist/assets/index-d_rbj-eZ.js:T07-A-04.mp4","/tasks/T07/dist/assets/T07/T07-A-04.mp4","tasks/T07/dist/assets/T07/T07-A-04.mp4","mp4","2626795","","","","false","false","ACTIVE","no","2626795","2626795"
"T07","tasks/T07/dist/assets/index-BxcCyA-W.js:T07-A-05-sequence.mp3","/tasks/T07/dist/assets/T07/T07-A-05-sequence.mp3","tasks/T07/dist/assets/T07/T07-A-05-sequence.mp3","mp3","417060","","","","false","false","ACTIVE","no","417060","417060"
"T07","tasks/T07/dist/assets/index-BfpL54Xl.js:T07-A-05.mp3 | tasks/T07/dist/assets/index-CIpcZDcd.js:T07-A-05.mp3 | tasks/T07/dist/assets/index-Cpyb-HfV.js:T07-A-05.mp3 | tasks/T07/dist/assets/index-Dd_cRc8s.js:T07-A-05.mp3 | tasks/T07/dist/assets/index-DW-vQNxl.js:T07-A-05.mp3 | tasks/T07/dist/assets/index-d_rbj-eZ.js:T07-A-05.mp3","/tasks/T07/dist/assets/T07/T07-A-05.mp3","tasks/T07/dist/assets/T07/T07-A-05.mp3","mp3","460850","","","","false","false","ACTIVE","no","460850","460850"
"T07","tasks/T07/dist/assets/index-BfpL54Xl.js:T07-A-05.mp4 | tasks/T07/dist/assets/index-Cpyb-HfV.js:T07-A-05.mp4","/tasks/T07/dist/assets/T07/T07-A-05.mp4","tasks/T07/dist/assets/T07/T07-A-05.mp4","mp4","23866895","","","","false","false","ACTIVE","review","23866895","23866895"
"T07","tasks/T07/dist/assets/index-BfpL54Xl.js:T07-A-05.png | tasks/T07/dist/assets/index-BxcCyA-W.js:T07-A-05.png | tasks/T07/dist/assets/index-CIpcZDcd.js:T07-A-05.png | tasks/T07/dist/assets/index-Cpyb-HfV.js:T07-A-05.png | tasks/T07/dist/assets/index-Dd_cRc8s.js:T07-A-05.png | tasks/T07/dist/assets/index-DW-vQNxl.js:T07-A-05.png | tasks/T07/dist/assets/index-d_rbj-eZ.js:T07-A-05.png","/tasks/T07/dist/assets/T07/T07-A-05.png","tasks/T07/dist/assets/T07/T07-A-05.png","png","2305167","1448x1086","","","false","false","ACTIVE","review","2305167","2305167"
"T07","tasks/T07/dist/assets/index-BfpL54Xl.js:T07-A-06.mp4 | tasks/T07/dist/assets/index-BxcCyA-W.js:T07-A-06.mp4 | tasks/T07/dist/assets/index-CIpcZDcd.js:T07-A-06.mp4 | tasks/T07/dist/assets/index-Cpyb-HfV.js:T07-A-06.mp4 | tasks/T07/dist/assets/index-Dd_cRc8s.js:T07-A-06.mp4 | tasks/T07/dist/assets/index-DW-vQNxl.js:T07-A-06.mp4 | tasks/T07/dist/assets/index-d_rbj-eZ.js:T07-A-06.mp4","/tasks/T07/dist/assets/T07/T07-A-06.mp4","tasks/T07/dist/assets/T07/T07-A-06.mp4","mp4","1363834","","","","false","false","ACTIVE","no","1363834","1363834"
"T07","runtime:T07:asset-id","/tasks/T07/dist/assets/T07/T07-A-06我知道你的选择了.mp3","tasks/T07/dist/assets/T07/T07-A-06我知道你的选择了.mp3","mp3","99106","","","","true","false","DYNAMIC","no","99106","99106"
"T07","runtime:T07:asset-id","/tasks/T07/dist/assets/T07/T07-A-adjust-option1.mp3","tasks/T07/dist/assets/T07/T07-A-adjust-option1.mp3","mp3","169970","","","","false","false","DYNAMIC","no","169970","169970"
"T07","runtime:T07:asset-id","/tasks/T07/dist/assets/T07/T07-A-adjust-option2.mp3","tasks/T07/dist/assets/T07/T07-A-adjust-option2.mp3","mp3","100850","","","","false","false","DYNAMIC","no","100850","100850"
"T07","runtime:T07:asset-id","/tasks/T07/dist/assets/T07/T07-A-adjust-option3.mp3","tasks/T07/dist/assets/T07/T07-A-adjust-option3.mp3","mp3","140210","","","","false","false","DYNAMIC","no","140210","140210"
"T07","runtime:T07:asset-id","/tasks/T07/dist/assets/T07/T07-A-adjust-option4.mp3","tasks/T07/dist/assets/T07/T07-A-adjust-option4.mp3","mp3","78770","","","","false","false","DYNAMIC","no","78770","78770"
"T07","runtime:T07:asset-id","/tasks/T07/dist/assets/T07/T07-A-adjust-question.mp3","tasks/T07/dist/assets/T07/T07-A-adjust-question.mp3","mp3","81858","","","","false","false","DYNAMIC","no","81858","81858"
"T07","runtime:T07:asset-id","/tasks/T07/dist/assets/T07/T07-B-01.mp3","tasks/T07/dist/assets/T07/T07-B-01.mp3","mp3","164405","","","","false","false","DYNAMIC","no","164405","164405"
"T07","tasks/T07/dist/assets/index-BfpL54Xl.js:T07-B-01.mp4 | tasks/T07/dist/assets/index-BxcCyA-W.js:T07-B-01.mp4 | tasks/T07/dist/assets/index-CIpcZDcd.js:T07-B-01.mp4 | tasks/T07/dist/assets/index-Cpyb-HfV.js:T07-B-01.mp4 | tasks/T07/dist/assets/index-Dd_cRc8s.js:T07-B-01.mp4 | tasks/T07/dist/assets/index-DW-vQNxl.js:T07-B-01.mp4 | tasks/T07/dist/assets/index-d_rbj-eZ.js:T07-B-01.mp4","/tasks/T07/dist/assets/T07/T07-B-01.mp4","tasks/T07/dist/assets/T07/T07-B-01.mp4","mp4","9188025","","","","false","false","ACTIVE","review","9188025","9188025"
"T07","tasks/T07/dist/assets/index-BfpL54Xl.js:T07-B-02.mp3 | tasks/T07/dist/assets/index-BxcCyA-W.js:T07-B-02.mp3 | tasks/T07/dist/assets/index-CIpcZDcd.js:T07-B-02.mp3 | tasks/T07/dist/assets/index-Cpyb-HfV.js:T07-B-02.mp3 | tasks/T07/dist/assets/index-Dd_cRc8s.js:T07-B-02.mp3 | tasks/T07/dist/assets/index-DW-vQNxl.js:T07-B-02.mp3 | tasks/T07/dist/assets/index-d_rbj-eZ.js:T07-B-02.mp3","/tasks/T07/dist/assets/T07/T07-B-02.mp3","tasks/T07/dist/assets/T07/T07-B-02.mp3","mp3","609845","","","","false","false","ACTIVE","no","609845","609845"
"T07","tasks/T07/dist/assets/index-BfpL54Xl.js:T07-B-02.png | tasks/T07/dist/assets/index-BxcCyA-W.js:T07-B-02.png | tasks/T07/dist/assets/index-CIpcZDcd.js:T07-B-02.png | tasks/T07/dist/assets/index-Cpyb-HfV.js:T07-B-02.png | tasks/T07/dist/assets/index-Dd_cRc8s.js:T07-B-02.png | tasks/T07/dist/assets/index-DW-vQNxl.js:T07-B-02.png | tasks/T07/dist/assets/index-d_rbj-eZ.js:T07-B-02.png","/tasks/T07/dist/assets/T07/T07-B-02.png","tasks/T07/dist/assets/T07/T07-B-02.png","png","2371116","1672x941","","","false","false","ACTIVE","review","2371116","2371116"
"T07","runtime:T07:asset-id","/tasks/T07/dist/assets/T07/T07-B-03_20260802_21161058.mp4","tasks/T07/dist/assets/T07/T07-B-03_20260802_21161058.mp4","mp4","3945606","","","","false","false","DYNAMIC","no","3945606","3945606"
"T07","tasks/T07/dist/assets/index-BfpL54Xl.js:T07-B-03.mp4 | tasks/T07/dist/assets/index-BxcCyA-W.js:T07-B-03.mp4 | tasks/T07/dist/assets/index-CIpcZDcd.js:T07-B-03.mp4 | tasks/T07/dist/assets/index-Cpyb-HfV.js:T07-B-03.mp4 | tasks/T07/dist/assets/index-Dd_cRc8s.js:T07-B-03.mp4 | tasks/T07/dist/assets/index-DW-vQNxl.js:T07-B-03.mp4 | tasks/T07/dist/assets/index-d_rbj-eZ.js:T07-B-03.mp4","/tasks/T07/dist/assets/T07/T07-B-03.mp4","tasks/T07/dist/assets/T07/T07-B-03.mp4","mp4","3843860","","","","false","false","ACTIVE","no","3843860","3843860"
"T07","runtime:T07:asset-id","/tasks/T07/dist/assets/T07/T07-B-04_20260802_21162201.mp4","tasks/T07/dist/assets/T07/T07-B-04_20260802_21162201.mp4","mp4","3323132","","","","false","false","DYNAMIC","no","3323132","3323132"
"T07","tasks/T07/dist/assets/index-BfpL54Xl.js:T07-B-04.mp4 | tasks/T07/dist/assets/index-BxcCyA-W.js:T07-B-04.mp4 | tasks/T07/dist/assets/index-CIpcZDcd.js:T07-B-04.mp4 | tasks/T07/dist/assets/index-Cpyb-HfV.js:T07-B-04.mp4 | tasks/T07/dist/assets/index-Dd_cRc8s.js:T07-B-04.mp4 | tasks/T07/dist/assets/index-DW-vQNxl.js:T07-B-04.mp4 | tasks/T07/dist/assets/index-d_rbj-eZ.js:T07-B-04.mp4","/tasks/T07/dist/assets/T07/T07-B-04.mp4","tasks/T07/dist/assets/T07/T07-B-04.mp4","mp4","3208099","","","","false","false","ACTIVE","no","3208099","3208099"
"T07","tasks/T07/dist/assets/index-BfpL54Xl.js:T07-B-05.mp3 | tasks/T07/dist/assets/index-BxcCyA-W.js:T07-B-05.mp3 | tasks/T07/dist/assets/index-CIpcZDcd.js:T07-B-05.mp3 | tasks/T07/dist/assets/index-Cpyb-HfV.js:T07-B-05.mp3 | tasks/T07/dist/assets/index-Dd_cRc8s.js:T07-B-05.mp3 | tasks/T07/dist/assets/index-DW-vQNxl.js:T07-B-05.mp3 | tasks/T07/dist/assets/index-d_rbj-eZ.js:T07-B-05.mp3","/tasks/T07/dist/assets/T07/T07-B-05.mp3","tasks/T07/dist/assets/T07/T07-B-05.mp3","mp3","640565","","","","false","false","ACTIVE","no","640565","640565"
"T07","tasks/T07/dist/assets/index-BfpL54Xl.js:T07-B-05.png | tasks/T07/dist/assets/index-BxcCyA-W.js:T07-B-05.png | tasks/T07/dist/assets/index-CIpcZDcd.js:T07-B-05.png | tasks/T07/dist/assets/index-Cpyb-HfV.js:T07-B-05.png | tasks/T07/dist/assets/index-Dd_cRc8s.js:T07-B-05.png | tasks/T07/dist/assets/index-DW-vQNxl.js:T07-B-05.png | tasks/T07/dist/assets/index-d_rbj-eZ.js:T07-B-05.png","/tasks/T07/dist/assets/T07/T07-B-05.png","tasks/T07/dist/assets/T07/T07-B-05.png","png","2234005","1672x941","","","false","false","ACTIVE","review","2234005","2234005"
"T07","tasks/T07/dist/assets/index-BfpL54Xl.js:T07-B-06.mp4 | tasks/T07/dist/assets/index-BxcCyA-W.js:T07-B-06.mp4 | tasks/T07/dist/assets/index-CIpcZDcd.js:T07-B-06.mp4 | tasks/T07/dist/assets/index-Cpyb-HfV.js:T07-B-06.mp4 | tasks/T07/dist/assets/index-Dd_cRc8s.js:T07-B-06.mp4 | tasks/T07/dist/assets/index-DW-vQNxl.js:T07-B-06.mp4 | tasks/T07/dist/assets/index-d_rbj-eZ.js:T07-B-06.mp4","/tasks/T07/dist/assets/T07/T07-B-06.mp4","tasks/T07/dist/assets/T07/T07-B-06.mp4","mp4","1366652","","","","false","false","ACTIVE","no","1366652","1366652"
"T07","runtime:T07:asset-id","/tasks/T07/dist/assets/T07/T07-B-06这一关结束了.mp3","tasks/T07/dist/assets/T07/T07-B-06这一关结束了.mp3","mp3","167285","","","","true","false","DYNAMIC","no","167285","167285"
"T08","tasks/T08/app.js:T08-A-0102_20260803_22310285.mp3","/tasks/T08/assets/T08-A-0102_20260803_22310285.mp3","tasks/T08/assets/T08-A-0102_20260803_22310285.mp3","mp3","81858","","","","false","false","ACTIVE","no","81858","81858"
"T08","tasks/T08/app.js:T08-A-0102.mp4","/tasks/T08/assets/T08-A-0102.mp4","tasks/T08/assets/T08-A-0102.mp4","mp4","3437336","","","","false","false","ACTIVE","no","3437336","3437336"
"T08","tasks/T08/app.js:T08-A-02.png","/tasks/T08/assets/T08-A-02.png","tasks/T08/assets/T08-A-02.png","png","2081155","1448x1086","","","false","false","ACTIVE","review","2081155","2081155"
"T08","tasks/T08/app.js:T08-A-0304_20260803_22310242.mp3","/tasks/T08/assets/T08-A-0304_20260803_22310242.mp3","tasks/T08/assets/T08-A-0304_20260803_22310242.mp3","mp3","81858","","","","false","false","ACTIVE","no","81858","81858"
"T08","tasks/T08/app.js:T08-A-0304.mp4","/tasks/T08/assets/T08-A-0304.mp4","tasks/T08/assets/T08-A-0304.mp4","mp4","3567209","","","","false","false","ACTIVE","no","3567209","3567209"
"T08","tasks/T08/app.js:T08-A-04.png","/tasks/T08/assets/T08-A-04.png","tasks/T08/assets/T08-A-04.png","png","2163860","1448x1086","","","false","false","ACTIVE","review","2163860","2163860"
"T08","tasks/T08/app.js:T08-B-0102.mp3","/tasks/T08/assets/T08-B-0102.mp3","tasks/T08/assets/T08-B-0102.mp3","mp3","204530","","","","false","false","ACTIVE","no","204530","204530"
"T08","tasks/T08/app.js:T08-B-0102.mp4","/tasks/T08/assets/T08-B-0102.mp4","tasks/T08/assets/T08-B-0102.mp4","mp4","3010563","","","","false","false","ACTIVE","no","3010563","3010563"
"T08","tasks/T08/app.js:T08-B-02.png","/tasks/T08/assets/T08-B-02.png","tasks/T08/assets/T08-B-02.png","png","2049109","1672x941","","","false","false","ACTIVE","review","2049109","2049109"
"T08","tasks/T08/app.js:T08-B-0304.mp3","/tasks/T08/assets/T08-B-0304.mp3","tasks/T08/assets/T08-B-0304.mp3","mp3","323570","","","","false","false","ACTIVE","no","323570","323570"
"T08","tasks/T08/app.js:T08-B-0304.mp4","/tasks/T08/assets/T08-B-0304.mp4","tasks/T08/assets/T08-B-0304.mp4","mp4","6426548","","","","false","false","ACTIVE","no","6426548","6426548"
"T08","tasks/T08/app.js:T08-B-04.png","/tasks/T08/assets/T08-B-04.png","tasks/T08/assets/T08-B-04.png","png","1840149","1672x941","","","false","false","ACTIVE","review","1840149","1840149"
"T08","tasks/T08/app.js:T08-END_20260803_22355423.mp3","/tasks/T08/assets/T08-END_20260803_22355423.mp3","tasks/T08/assets/T08-END_20260803_22355423.mp3","mp3","65975","","","","false","false","ACTIVE","no","65975","65975"
"T08","tasks/T08/app.js:T08-END.mp4","/tasks/T08/assets/T08-END.mp4","tasks/T08/assets/T08-END.mp4","mp4","4779599","","","","false","false","ACTIVE","no","4779599","4779599"
"T08","tasks/T08/app.js:T08-P0_20260803_22310108.mp3","/tasks/T08/assets/T08-P0_20260803_22310108.mp3","tasks/T08/assets/T08-P0_20260803_22310108.mp3","mp3","65975","","","","false","false","ACTIVE","no","65975","65975"
"T08","tasks/T08/app.js:T08-P0.mp4","/tasks/T08/assets/T08-P0.mp4","tasks/T08/assets/T08-P0.mp4","mp4","2137949","","","","false","false","ACTIVE","no","2137949","2137949"
"T08","tasks/T08/app.js:T08-P1_20260803_22310054.mp3","/tasks/T08/assets/T08-P1_20260803_22310054.mp3","tasks/T08/assets/T08-P1_20260803_22310054.mp3","mp3","65975","","","","false","true","ACTIVE","no","65975","65975"
"T08","tasks/T08/app.js:T08-P1.mp4","/tasks/T08/assets/T08-P1.mp4","tasks/T08/assets/T08-P1.mp4","mp4","1735929","","","","false","false","ACTIVE","no","1735929","1735929"
"T08","tasks/T08/app.js:T08-P1.png | tasks/T08/index.html:assets/T08-P1.png","/tasks/T08/assets/T08-P1.png","tasks/T08/assets/T08-P1.png","png","1989844","1672x941","","","false","false","ACTIVE","review","1989844","1989844"
"T08","tasks/T08/data/records/154aec9d-2bb8-47ab-9ea4-acacd301691e.json:data/audio/T08_undefined_154aec9d-2bb8-47ab-9ea4-acacd301691e.mp3","/tasks/T08/data/audio/T08_undefined_154aec9d-2bb8-47ab-9ea4-acacd301691e.mp3","tasks/T08/data/audio/T08_undefined_154aec9d-2bb8-47ab-9ea4-acacd301691e.mp3","mp3","106622","","","","false","false","ACTIVE","no","106622","106622"
"T08","tasks/T08/data/records/401bbb8e-a30b-441c-81e2-679cc663001a.json:data/audio/T08_undefined_401bbb8e-a30b-441c-81e2-679cc663001a.mp3","/tasks/T08/data/audio/T08_undefined_401bbb8e-a30b-441c-81e2-679cc663001a.mp3","tasks/T08/data/audio/T08_undefined_401bbb8e-a30b-441c-81e2-679cc663001a.mp3","mp3","106622","","","","false","true","ACTIVE","no","106622","106622"
"T08","tasks/T08/data/records/bdfe8ca1-4e7b-4f94-a254-52bddf3c935a.json:data/audio/T08_undefined_bdfe8ca1-4e7b-4f94-a254-52bddf3c935a.mp3","/tasks/T08/data/audio/T08_undefined_bdfe8ca1-4e7b-4f94-a254-52bddf3c935a.mp3","tasks/T08/data/audio/T08_undefined_bdfe8ca1-4e7b-4f94-a254-52bddf3c935a.mp3","mp3","106622","","","","false","false","ACTIVE","no","106622","106622"
"T08","tasks/T08/data/records/e38dd782-1d2a-4806-a9c4-a760fe773b2c.json:data/audio/T08_undefined_e38dd782-1d2a-4806-a9c4-a760fe773b2c.mp3","/tasks/T08/data/audio/T08_undefined_e38dd782-1d2a-4806-a9c4-a760fe773b2c.mp3","tasks/T08/data/audio/T08_undefined_e38dd782-1d2a-4806-a9c4-a760fe773b2c.mp3","mp3","106622","","","","false","false","ACTIVE","no","106622","106622"
"T09","tasks/T09/app.js:T09_00_task_instruction.mp4","/tasks/T09/assets/T09-A视频音频首尾帧/T09_00_task_instruction.mp4","tasks/T09/assets/T09-A视频音频首尾帧/T09_00_task_instruction.mp4","mp4","8702677","","","","false","true","ACTIVE","review","8702677","8702677"
"T09","tasks/T09/app.js:T09_A01_task_intro.mp4","/tasks/T09/assets/T09-A视频音频首尾帧/T09_A01_task_intro.mp4","tasks/T09/assets/T09-A视频音频首尾帧/T09_A01_task_intro.mp4","mp4","8107458","","","","false","true","ACTIVE","no","8107458","8107458"
"T09","tasks/T09/app.js:T09_A02_peer_inducement.mp4","/tasks/T09/assets/T09-A视频音频首尾帧/T09_A02_peer_inducement.mp4","tasks/T09/assets/T09-A视频音频首尾帧/T09_A02_peer_inducement.mp4","mp4","5561412","","","","false","false","ACTIVE","no","5561412","5561412"
"T09","tasks/T09/app.js:T09_A03_option_child.mp3","/tasks/T09/assets/T09-A视频音频首尾帧/T09_A03_option_child.mp3","tasks/T09/assets/T09-A视频音频首尾帧/T09_A03_option_child.mp3","mp3","76104","","","","false","false","ACTIVE","no","76104","76104"
"T09","tasks/T09/app.js:T09_A03_option_monkey.mp3","/tasks/T09/assets/T09-A视频音频首尾帧/T09_A03_option_monkey.mp3","tasks/T09/assets/T09-A视频音频首尾帧/T09_A03_option_monkey.mp3","mp3","76104","","","","false","false","ACTIVE","no","76104","76104"
"T09","tasks/T09/app.js:T09_A03_option_rabbit.mp3","/tasks/T09/assets/T09-A视频音频首尾帧/T09_A03_option_rabbit.mp3","tasks/T09/assets/T09-A视频音频首尾帧/T09_A03_option_rabbit.mp3","mp3","76104","","","","false","false","ACTIVE","no","76104","76104"
"T09","tasks/T09/app.js:T09_A03_owner_cards_all.png","/tasks/T09/assets/T09-A视频音频首尾帧/T09_A03_owner_cards_all.png","tasks/T09/assets/T09-A视频音频首尾帧/T09_A03_owner_cards_all.png","png","1936070","1672x941","","","false","false","ACTIVE","review","1936070","1936070"
"T09","tasks/T09/app.js:T09_A03_ownership_question.mp4","/tasks/T09/assets/T09-A视频音频首尾帧/T09_A03_ownership_question.mp4","tasks/T09/assets/T09-A视频音频首尾帧/T09_A03_ownership_question.mp4","mp4","1687112","","","","false","false","ACTIVE","no","1687112","1687112"
"T09","tasks/T09/app.js:T09_A04_action_choices_shuffled.jpg","/tasks/T09/assets/T09-A视频音频首尾帧/T09_A04_action_choices_shuffled.jpg","tasks/T09/assets/T09-A视频音频首尾帧/T09_A04_action_choices_shuffled.jpg","jpg","194691","1448x1086","","","false","false","ACTIVE","no","194691","194691"
"T09","tasks/T09/app.js:T09_A04_option_01_split.mp3","/tasks/T09/assets/T09-A视频音频首尾帧/T09_A04_option_01_split.mp3","tasks/T09/assets/T09-A视频音频首尾帧/T09_A04_option_01_split.mp3","mp3","105650","","","","false","false","ACTIVE","no","105650","105650"
"T09","tasks/T09/app.js:T09_A04_option_02_split.mp3","/tasks/T09/assets/T09-A视频音频首尾帧/T09_A04_option_02_split.mp3","tasks/T09/assets/T09-A视频音频首尾帧/T09_A04_option_02_split.mp3","mp3","154610","","","","false","false","ACTIVE","no","154610","154610"
"T09","tasks/T09/app.js:T09_A04_option_03_split.mp3","/tasks/T09/assets/T09-A视频音频首尾帧/T09_A04_option_03_split.mp3","tasks/T09/assets/T09-A视频音频首尾帧/T09_A04_option_03_split.mp3","mp3","116210","","","","false","false","ACTIVE","no","116210","116210"
"T09","tasks/T09/app.js:T09_A04_option_04_split.mp3","/tasks/T09/assets/T09-A视频音频首尾帧/T09_A04_option_04_split.mp3","tasks/T09/assets/T09-A视频音频首尾帧/T09_A04_option_04_split.mp3","mp3","123890","","","","false","false","ACTIVE","no","123890","123890"
"T09","tasks/T09/app.js:T09_A04_question_split.mp3","/tasks/T09/assets/T09-A视频音频首尾帧/T09_A04_question_split.mp3","tasks/T09/assets/T09-A视频音频首尾帧/T09_A04_question_split.mp3","mp3","181490","","","","false","false","ACTIVE","no","181490","181490"
"T09","tasks/T09/app.js:T09_A05_option_01_split.mp3","/tasks/T09/assets/T09-A视频音频首尾帧/T09_A05_option_01_split.mp3","tasks/T09/assets/T09-A视频音频首尾帧/T09_A05_option_01_split.mp3","mp3","145010","","","","false","false","ACTIVE","no","145010","145010"
"T09","tasks/T09/app.js:T09_A05_option_02_split.mp3","/tasks/T09/assets/T09-A视频音频首尾帧/T09_A05_option_02_split.mp3","tasks/T09/assets/T09-A视频音频首尾帧/T09_A05_option_02_split.mp3","mp3","160370","","","","false","false","ACTIVE","no","160370","160370"
"T09","tasks/T09/app.js:T09_A05_option_03_split.mp3","/tasks/T09/assets/T09-A视频音频首尾帧/T09_A05_option_03_split.mp3","tasks/T09/assets/T09-A视频音频首尾帧/T09_A05_option_03_split.mp3","mp3","139250","","","","false","false","ACTIVE","no","139250","139250"
"T09","tasks/T09/app.js:T09_A05_option_04_split.mp3","/tasks/T09/assets/T09-A视频音频首尾帧/T09_A05_option_04_split.mp3","tasks/T09/assets/T09-A视频音频首尾帧/T09_A05_option_04_split.mp3","mp3","104690","","","","false","false","ACTIVE","no","104690","104690"
"T09","tasks/T09/app.js:T09_A05_question_split.mp3","/tasks/T09/assets/T09-A视频音频首尾帧/T09_A05_question_split.mp3","tasks/T09/assets/T09-A视频音频首尾帧/T09_A05_question_split.mp3","mp3","108530","","","","false","false","ACTIVE","no","108530","108530"
"T09","tasks/T09/app.js:T09_A05_reason_choices_all.png","/tasks/T09/assets/T09-A视频音频首尾帧/T09_A05_reason_choices_all.png","tasks/T09/assets/T09-A视频音频首尾帧/T09_A05_reason_choices_all.png","png","2083398","1672x941","","","false","false","ACTIVE","review","2083398","2083398"
"T09","tasks/T09/app.js:T09_A06_sceneA_close.mp4","/tasks/T09/assets/T09-A视频音频首尾帧/T09_A06_sceneA_close.mp4","tasks/T09/assets/T09-A视频音频首尾帧/T09_A06_sceneA_close.mp4","mp4","2695390","","","","false","false","ACTIVE","no","2695390","2695390"
"T09","tasks/T09/app.js:T09_B01_B02A_fair_rule_conflict.mp4","/tasks/T09/assets/T09-B视频音频首尾帧/T09_B01_B02A_fair_rule_conflict.mp4","tasks/T09/assets/T09-B视频音频首尾帧/T09_B01_B02A_fair_rule_conflict.mp4","mp4","7633129","","","","false","true","ACTIVE","no","7633129","7633129"
"T09","tasks/T09/app.js:T09_B03_1_option_01_split.mp3","/tasks/T09/assets/T09-B视频音频首尾帧/T09_B03_1_option_01_split.mp3","tasks/T09/assets/T09-B视频音频首尾帧/T09_B03_1_option_01_split.mp3","mp3","39410","","","","false","false","ACTIVE","no","39410","39410"
"T09","tasks/T09/app.js:T09_B03_1_option_02_split.mp3","/tasks/T09/assets/T09-B视频音频首尾帧/T09_B03_1_option_02_split.mp3","tasks/T09/assets/T09-B视频音频首尾帧/T09_B03_1_option_02_split.mp3","mp3","48050","","","","false","false","ACTIVE","no","48050","48050"
"T09","tasks/T09/app.js:T09_B03_1_option_03_split.mp3","/tasks/T09/assets/T09-B视频音频首尾帧/T09_B03_1_option_03_split.mp3","tasks/T09/assets/T09-B视频音频首尾帧/T09_B03_1_option_03_split.mp3","mp3","52850","","","","false","false","ACTIVE","no","52850","52850"
"T09","tasks/T09/app.js:T09_B03_1_quantity_choices_all.png","/tasks/T09/assets/T09-B视频音频首尾帧/T09_B03_1_quantity_choices_all.png","tasks/T09/assets/T09-B视频音频首尾帧/T09_B03_1_quantity_choices_all.png","png","1761017","1672x941","","","false","false","ACTIVE","review","1761017","1761017"
"T09","tasks/T09/app.js:T09_B03_1_quantity_question.mp4","/tasks/T09/assets/T09-B视频音频首尾帧/T09_B03_1_quantity_question.mp4","tasks/T09/assets/T09-B视频音频首尾帧/T09_B03_1_quantity_question.mp4","mp4","1999303","","","","false","false","ACTIVE","no","1999303","1999303"
"T09","tasks/T09/app.js:T09_B03_2_option_01_split.mp3","/tasks/T09/assets/T09-B视频音频首尾帧/T09_B03_2_option_01_split.mp3","tasks/T09/assets/T09-B视频音频首尾帧/T09_B03_2_option_01_split.mp3","mp3","62450","","","","false","false","ACTIVE","no","62450","62450"
"T09","tasks/T09/app.js:T09_B03_2_option_02_split.mp3","/tasks/T09/assets/T09-B视频音频首尾帧/T09_B03_2_option_02_split.mp3","tasks/T09/assets/T09-B视频音频首尾帧/T09_B03_2_option_02_split.mp3","mp3","50930","","","","false","false","ACTIVE","no","50930","50930"
"T09","tasks/T09/app.js:T09_B03_2_option_03_split.mp3","/tasks/T09/assets/T09-B视频音频首尾帧/T09_B03_2_option_03_split.mp3","tasks/T09/assets/T09-B视频音频首尾帧/T09_B03_2_option_03_split.mp3","mp3","45170","","","","false","false","ACTIVE","no","45170","45170"
"T09","tasks/T09/app.js:T09_B03_2_question_split.mp3","/tasks/T09/assets/T09-B视频音频首尾帧/T09_B03_2_question_split.mp3","tasks/T09/assets/T09-B视频音频首尾帧/T09_B03_2_question_split.mp3","mp3","93170","","","","false","false","ACTIVE","no","93170","93170"
"T09","tasks/T09/app.js:T09_B03_2_waiting_child_choices_all.png","/tasks/T09/assets/T09-B视频音频首尾帧/T09_B03_2_waiting_child_choices_all.png","tasks/T09/assets/T09-B视频音频首尾帧/T09_B03_2_waiting_child_choices_all.png","png","1969729","1672x940","","","false","false","ACTIVE","review","1969729","1969729"
"T09","tasks/T09/app.js:T09_B04_action_choices_all.png","/tasks/T09/assets/T09-B视频音频首尾帧/T09_B04_action_choices_all.png","tasks/T09/assets/T09-B视频音频首尾帧/T09_B04_action_choices_all.png","png","2064284","1672x940","","","false","false","ACTIVE","review","2064284","2064284"
"T09","tasks/T09/app.js:T09_B04_option_01_split.mp3","/tasks/T09/assets/T09-B视频音频首尾帧/T09_B04_option_01_split.mp3","tasks/T09/assets/T09-B视频音频首尾帧/T09_B04_option_01_split.mp3","mp3","121970","","","","false","false","ACTIVE","no","121970","121970"
"T09","tasks/T09/app.js:T09_B04_option_02_split.mp3","/tasks/T09/assets/T09-B视频音频首尾帧/T09_B04_option_02_split.mp3","tasks/T09/assets/T09-B视频音频首尾帧/T09_B04_option_02_split.mp3","mp3","105650","","","","false","false","ACTIVE","no","105650","105650"
"T09","tasks/T09/app.js:T09_B04_option_03_split.mp3","/tasks/T09/assets/T09-B视频音频首尾帧/T09_B04_option_03_split.mp3","tasks/T09/assets/T09-B视频音频首尾帧/T09_B04_option_03_split.mp3","mp3","74930","","","","false","false","ACTIVE","no","74930","74930"
"T09","tasks/T09/app.js:T09_B04_option_04_split.mp3","/tasks/T09/assets/T09-B视频音频首尾帧/T09_B04_option_04_split.mp3","tasks/T09/assets/T09-B视频音频首尾帧/T09_B04_option_04_split.mp3","mp3","81650","","","","false","false","ACTIVE","no","81650","81650"
"T09","tasks/T09/app.js:T09_B04_question_split.mp3","/tasks/T09/assets/T09-B视频音频首尾帧/T09_B04_question_split.mp3","tasks/T09/assets/T09-B视频音频首尾帧/T09_B04_question_split.mp3","mp3","181490","","","","false","false","ACTIVE","no","181490","181490"
"T09","tasks/T09/app.js:T09_B05_option_01_split.mp3","/tasks/T09/assets/T09-B视频音频首尾帧/T09_B05_option_01_split.mp3","tasks/T09/assets/T09-B视频音频首尾帧/T09_B05_option_01_split.mp3","mp3","60530","","","","false","false","ACTIVE","no","60530","60530"
"T09","tasks/T09/app.js:T09_B05_option_02_split.mp3","/tasks/T09/assets/T09-B视频音频首尾帧/T09_B05_option_02_split.mp3","tasks/T09/assets/T09-B视频音频首尾帧/T09_B05_option_02_split.mp3","mp3","142130","","","","false","false","ACTIVE","no","142130","142130"
"T09","tasks/T09/app.js:T09_B05_option_03_split.mp3","/tasks/T09/assets/T09-B视频音频首尾帧/T09_B05_option_03_split.mp3","tasks/T09/assets/T09-B视频音频首尾帧/T09_B05_option_03_split.mp3","mp3","123890","","","","false","false","ACTIVE","no","123890","123890"
"T09","tasks/T09/app.js:T09_B05_option_04_split.mp3","/tasks/T09/assets/T09-B视频音频首尾帧/T09_B05_option_04_split.mp3","tasks/T09/assets/T09-B视频音频首尾帧/T09_B05_option_04_split.mp3","mp3","81650","","","","false","false","ACTIVE","no","81650","81650"
"T09","tasks/T09/app.js:T09_B05_question_split.mp3","/tasks/T09/assets/T09-B视频音频首尾帧/T09_B05_question_split.mp3","tasks/T09/assets/T09-B视频音频首尾帧/T09_B05_question_split.mp3","mp3","74930","","","","false","false","ACTIVE","no","74930","74930"
"T09","tasks/T09/app.js:T09_B05_reason_choices_shuffled.png","/tasks/T09/assets/T09-B视频音频首尾帧/T09_B05_reason_choices_shuffled.png","tasks/T09/assets/T09-B视频音频首尾帧/T09_B05_reason_choices_shuffled.png","png","1874403","1672x941","","","false","false","ACTIVE","review","1874403","1874403"
"T09","tasks/T09/app.js:T09_B06_sceneB_close.mp4","/tasks/T09/assets/T09-B视频音频首尾帧/T09_B06_sceneB_close.mp4","tasks/T09/assets/T09-B视频音频首尾帧/T09_B06_sceneB_close.mp4","mp4","3001425","","","","false","false","ACTIVE","no","3001425","3001425"
"T10","runtime:T10:asset-id","/tasks/T10/assets/T10-00.mp4","tasks/T10/assets/T10-00.mp4","mp4","11641463","","","","false","true","DYNAMIC","review","11641463","11641463"
"T10","tasks/T10/index.html:T10-A-01-replacement.mp3","/tasks/T10/assets/T10-A-01-replacement.mp3","tasks/T10/assets/T10-A-01-replacement.mp3","mp3","177845","","","","false","false","ACTIVE","no","177845","177845"
"T10","runtime:T10:asset-id","/tasks/T10/assets/T10-A-01.mp4","tasks/T10/assets/T10-A-01.mp4","mp4","5720371","","","","false","false","DYNAMIC","no","5720371","5720371"
"T10","runtime:T10:asset-id","/tasks/T10/assets/T10-A-02.mp3","tasks/T10/assets/T10-A-02.mp3","mp3","718325","","","","false","false","DYNAMIC","no","718325","718325"
"T10","runtime:T10:asset-id","/tasks/T10/assets/T10-A-02.png","tasks/T10/assets/T10-A-02.png","png","1956478","1672x941","","","false","false","DYNAMIC","review","1956478","1956478"
"T10","runtime:T10:asset-id","/tasks/T10/assets/T10-A-03.mp3","tasks/T10/assets/T10-A-03.mp3","mp3","193871","","","","false","false","DYNAMIC","no","193871","193871"
"T10","runtime:T10:asset-id","/tasks/T10/assets/T10-A-03.png","tasks/T10/assets/T10-A-03.png","png","1975342","1672x941","","","false","false","DYNAMIC","review","1975342","1975342"
"T10","runtime:T10:asset-id","/tasks/T10/assets/T10-A-04.mp3","tasks/T10/assets/T10-A-04.mp3","mp3","569525","","","","false","false","DYNAMIC","no","569525","569525"
"T10","runtime:T10:asset-id","/tasks/T10/assets/T10-A-04.png","tasks/T10/assets/T10-A-04.png","png","2024392","1672x941","","","false","false","DYNAMIC","review","2024392","2024392"
"T10","runtime:T10:asset-id","/tasks/T10/assets/T10-A-05.mp4","tasks/T10/assets/T10-A-05.mp4","mp4","1363834","","","","false","false","DYNAMIC","no","1363834","1363834"
"T10","runtime:T10:asset-id","/tasks/T10/assets/T10-B-01.mp4","tasks/T10/assets/T10-B-01.mp4","mp4","6632482","","","","false","false","DYNAMIC","no","6632482","6632482"
"T10","runtime:T10:asset-id","/tasks/T10/assets/T10-B-02.mp3","tasks/T10/assets/T10-B-02.mp3","mp3","464885","","","","false","false","DYNAMIC","no","464885","464885"
"T10","runtime:T10:asset-id","/tasks/T10/assets/T10-B-02.png","tasks/T10/assets/T10-B-02.png","png","1736657","1448x1086","","","false","false","DYNAMIC","review","1736657","1736657"
"T10","runtime:T10:asset-id","/tasks/T10/assets/T10-B-03.mp3","tasks/T10/assets/T10-B-03.mp3","mp3","516725","","","","false","false","DYNAMIC","no","516725","516725"
"T10","runtime:T10:asset-id","/tasks/T10/assets/T10-B-03.png","tasks/T10/assets/T10-B-03.png","png","1928430","1672x941","","","false","false","DYNAMIC","review","1928430","1928430"
"T10","runtime:T10:asset-id","/tasks/T10/assets/T10-B-04.mp3","tasks/T10/assets/T10-B-04.mp3","mp3","1048565","","","","false","false","DYNAMIC","no","1048565","1048565"
"T10","runtime:T10:asset-id","/tasks/T10/assets/T10-B-04.png","tasks/T10/assets/T10-B-04.png","png","1937378","1672x941","","","false","false","DYNAMIC","review","1937378","1937378"
"T10","runtime:T10:asset-id","/tasks/T10/assets/T10-B-05.mp4","tasks/T10/assets/T10-B-05.mp4","mp4","8118840","","","","false","false","DYNAMIC","no","8118840","8118840"